Country,Country Code,Year,Poverty Rate (%)
Albania,ALB,2014,3.7
Argentina,ARG,2014,1.1
Armenia,ARM,2014,3.4
Australia,AUS,2014,0.6
Austria,AUT,2014,0.2
Belgium,BEL,2014,0.1
Burkina Faso,BFA,2014,58.7
Bulgaria,BGR,2014,2.7
Belarus,BLR,2014,0.0
Bolivia,BOL,2014,5.6
Brazil,BRA,2014,4.8
Canada,CAN,2014,0.3
Switzerland,CHE,2014,0.0
China,CHN,2014,4.6
Cameroon,CMR,2014,29.0
Colombia,COL,2014,10.9
Comoros,COM,2014,31.4
Costa Rica,CRI,2014,2.4
Cyprus,CYP,2014,0.1
Czechia,CZE,2014,0.0
Germany,DEU,2014,0.1
Denmark,DNK,2014,0.2
Dominican Republic,DOM,2014,4.1
East Asia & Pacific,EAS,2014,7.8
Europe & Central Asia,ECS,2014,1.2
Ecuador,ECU,2014,4.0
Spain,ESP,2014,0.9
Estonia,EST,2014,1.0
Fragile and conflict affected situations,FCS,2014,36.3
Finland,FIN,2014,0.1
France,FRA,2014,0.0
United Kingdom,GBR,2014,0.4
Georgia,GEO,2014,12.0
Greece,GRC,2014,2.0
Guatemala,GTM,2014,8.0
High income,HIC,2014,0.8
Honduras,HND,2014,20.6
Croatia,HRV,2014,1.2
Hungary,HUN,2014,1.0
IDA total,IDA,2014,36.2
Indonesia,IDN,2014,25.7
Ireland,IRL,2014,0.4
"Iran, Islamic Rep.",IRN,2014,3.3
Iceland,ISL,2014,0.0
Israel,ISR,2014,0.6
Italy,ITA,2014,1.4
Japan,JPN,2014,0.7
Kazakhstan,KAZ,2014,0.1
Kyrgyz Republic,KGZ,2014,8.1
"Korea, Rep.",KOR,2014,0.3
Liberia,LBR,2014,31.7
Latin America & Caribbean,LCN,2014,6.5
Low income,LIC,2014,52.3
Lower middle income,LMC,2014,21.6
Low & middle income,LMY,2014,17.4
Lithuania,LTU,2014,1.7
Luxembourg,LUX,2014,0.2
Latvia,LVA,2014,1.1
Moldova,MDA,2014,0.0
"Middle East, North Africa, Afghanistan & Pakistan",MEA,2014,11.5
Mexico,MEX,2014,7.2
North Macedonia,MKD,2014,6.4
Malta,MLT,2014,0.0
Montenegro,MNE,2014,3.9
Mongolia,MNG,2014,0.8
Mozambique,MOZ,2014,74.4
Mauritania,MRT,2014,11.7
North America,NAC,2014,1.2
Niger,NER,2014,60.3
Nicaragua,NIC,2014,6.6
Netherlands,NLD,2014,0.1
Norway,NOR,2014,0.1
Panama,PAN,2014,6.4
Peru,PER,2014,8.0
Poland,POL,2014,0.6
Portugal,PRT,2014,0.8
Paraguay,PRY,2014,4.3
Romania,ROU,2014,8.9
Russian Federation,RUS,2014,0.4
South Asia,SAS,2014,20.0
Sudan,SDN,2014,10.1
El Salvador,SLV,2014,7.0
Serbia,SRB,2014,8.9
Sub-Saharan Africa,SSF,2014,45.3
Slovak Republic,SVK,2014,0.9
Slovenia,SVN,2014,0.0
Sweden,SWE,2014,0.5
Thailand,THA,2014,0.2
Timor-Leste,TLS,2014,44.0
Turkiye,TUR,2014,1.0
Ukraine,UKR,2014,0.0
Upper middle income,UMC,2014,6.8
Uruguay,URY,2014,0.2
United States,USA,2014,1.3
Viet Nam,VNM,2014,3.4
World,WLD,2014,14.5
Kosovo,XKX,2014,3.3
"Yemen, Rep.",YEM,2014,33.3
South Africa,ZAF,2014,27.9
Albania,ALB,2015,1.1
Armenia,ARM,2015,2.9
Austria,AUT,2015,0.7
Belgium,BEL,2015,0.1
Benin,BEN,2015,65.8
Bulgaria,BGR,2015,4.6
Bosnia and Herzegovina,BIH,2015,1.2
Belarus,BLR,2015,0.0
Bolivia,BOL,2015,6.2
Brazil,BRA,2015,5.4
Botswana,BWA,2015,21.4
Canada,CAN,2015,0.4
Switzerland,CHE,2015,0.0
Chile,CHL,2015,0.7
China,CHN,2015,2.9
Cote d'Ivoire,CIV,2015,46.6
Colombia,COL,2015,10.2
Cabo Verde,CPV,2015,14.6
Costa Rica,CRI,2015,2.4
Cyprus,CYP,2015,0.0
Czechia,CZE,2015,0.0
Germany,DEU,2015,0.1
Denmark,DNK,2015,0.2
Dominican Republic,DOM,2015,3.3
East Asia & Pacific,EAS,2015,6.1
Europe & Central Asia,ECS,2015,1.2
Ecuador,ECU,2015,4.8
"Egypt, Arab Rep.",EGY,2015,1.2
Spain,ESP,2015,1.1
Estonia,EST,2015,0.7
Ethiopia,ETH,2015,33.0
Fragile and conflict affected situations,FCS,2015,36.7
Finland,FIN,2015,0.1
France,FRA,2015,0.1
United Kingdom,GBR,2015,0.3
Georgia,GEO,2015,10.6
"Gambia, The",GMB,2015,17.1
Greece,GRC,2015,2.0
High income,HIC,2015,0.7
Honduras,HND,2015,19.9
Croatia,HRV,2015,0.7
Hungary,HUN,2015,1.0
IDA total,IDA,2015,36.0
Indonesia,IDN,2015,21.6
Ireland,IRL,2015,0.4
"Iran, Islamic Rep.",IRN,2015,3.0
Iceland,ISL,2015,0.0
Israel,ISR,2015,0.5
Italy,ITA,2015,2.1
Japan,JPN,2015,0.4
Kazakhstan,KAZ,2015,0.1
Kenya,KEN,2015,37.7
Kyrgyz Republic,KGZ,2015,11.0
St. Lucia,LCA,2015,0.1
Latin America & Caribbean,LCN,2015,6.0
Low income,LIC,2015,53.8
Low & middle income,LMY,2015,16.0
Lithuania,LTU,2015,1.0
Luxembourg,LUX,2015,0.3
Latvia,LVA,2015,1.0
Moldova,MDA,2015,0.1
"Middle East, North Africa, Afghanistan & Pakistan",MEA,2015,11.3
North Macedonia,MKD,2015,7.0
Malta,MLT,2015,0.1
Myanmar,MMR,2015,18.2
Montenegro,MNE,2015,3.6
Malaysia,MYS,2015,0.1
North America,NAC,2015,1.1
Namibia,NAM,2015,22.9
Nigeria,NGA,2015,35.8
Netherlands,NLD,2015,0.1
Norway,NOR,2015,0.2
Pakistan,PAK,2015,16.9
Panama,PAN,2015,4.8
Peru,PER,2015,8.0
Philippines,PHL,2015,14.6
Poland,POL,2015,0.5
Portugal,PRT,2015,0.7
Paraguay,PRY,2015,4.2
Romania,ROU,2015,7.6
Russian Federation,RUS,2015,0.4
El Salvador,SLV,2015,5.3
Serbia,SRB,2015,8.4
Sub-Saharan Africa,SSF,2015,45.4
Slovak Republic,SVK,2015,0.8
Slovenia,SVN,2015,0.0
Sweden,SWE,2015,0.6
Togo,TGO,2015,61.7
Thailand,THA,2015,0.1
Tajikistan,TJK,2015,13.3
Tonga,TON,2015,4.0
Tunisia,TUN,2015,0.7
Turkiye,TUR,2015,1.3
Ukraine,UKR,2015,0.3
Upper middle income,UMC,2015,5.4
Uruguay,URY,2015,0.2
United States,USA,2015,1.2
World,WLD,2015,13.4
Kosovo,XKX,2015,2.4
Zambia,ZMB,2015,67.9
Albania,ALB,2016,1.1
Argentina,ARG,2016,1.3
Armenia,ARM,2016,2.5
Australia,AUS,2016,0.5
Austria,AUT,2016,0.7
Belgium,BEL,2016,0.1
Bangladesh,BGD,2016,19.5
Bulgaria,BGR,2016,3.1
Belarus,BLR,2016,0.0
Bolivia,BOL,2016,7.2
Brazil,BRA,2016,6.5
Barbados,BRB,2016,1.7
Canada,CAN,2016,0.4
Switzerland,CHE,2016,0.0
China,CHN,2016,2.1
Colombia,COL,2016,10.1
Costa Rica,CRI,2016,2.4
Cyprus,CYP,2016,0.1
Czechia,CZE,2016,0.0
Germany,DEU,2016,0.1
Denmark,DNK,2016,0.3
Dominican Republic,DOM,2016,3.0
East Asia & Pacific,EAS,2016,5.0
Europe & Central Asia,ECS,2016,1.0
Ecuador,ECU,2016,5.0
Spain,ESP,2016,1.3
Estonia,EST,2016,0.6
Fragile and conflict affected situations,FCS,2016,37.1
Finland,FIN,2016,0.0
France,FRA,2016,0.1
United Kingdom,GBR,2016,0.4
Georgia,GEO,2016,10.5
Ghana,GHA,2016,39.0
Greece,GRC,2016,1.4
High income,HIC,2016,0.6
Honduras,HND,2016,19.8
Croatia,HRV,2016,0.9
Hungary,HUN,2016,1.6
IDA total,IDA,2016,35.6
Indonesia,IDN,2016,18.0
Ireland,IRL,2016,0.3
"Iran, Islamic Rep.",IRN,2016,3.0
Iceland,ISL,2016,0.0
Israel,ISR,2016,0.5
Italy,ITA,2016,1.8
Japan,JPN,2016,0.7
Kazakhstan,KAZ,2016,0.2
Kyrgyz Republic,KGZ,2016,8.0
"Korea, Rep.",KOR,2016,0.2
Liberia,LBR,2016,33.6
Latin America & Caribbean,LCN,2016,6.2
Low income,LIC,2016,54.4
Sri Lanka,LKA,2016,3.8
Low & middle income,LMY,2016,15.0
Lithuania,LTU,2016,1.5
Luxembourg,LUX,2016,0.1
Latvia,LVA,2016,1.0
Moldova,MDA,2016,0.2
Maldives,MDV,2016,0.1
"Middle East, North Africa, Afghanistan & Pakistan",MEA,2016,11.3
Mexico,MEX,2016,4.4
North Macedonia,MKD,2016,5.7
Malta,MLT,2016,0.1
Montenegro,MNE,2016,3.3
Mongolia,MNG,2016,1.9
Malawi,MWI,2016,71.7
North America,NAC,2016,1.0
Netherlands,NLD,2016,0.1
Norway,NOR,2016,0.3
Panama,PAN,2016,4.8
Peru,PER,2016,7.5
Poland,POL,2016,0.4
Portugal,PRT,2016,0.4
Paraguay,PRY,2016,4.2
West Bank and Gaza,PSE,2016,1.4
Romania,ROU,2016,5.2
Russian Federation,RUS,2016,0.4
Rwanda,RWA,2016,63.8
El Salvador,SLV,2016,5.8
Serbia,SRB,2016,8.1
South Sudan,SSD,2016,76.5
Sub-Saharan Africa,SSF,2016,45.1
Slovak Republic,SVK,2016,1.5
Slovenia,SVN,2016,0.0
Sweden,SWE,2016,0.4
Eswatini,SWZ,2016,44.5
Thailand,THA,2016,0.1
Turkiye,TUR,2016,0.9
Uganda,UGA,2016,60.1
Ukraine,UKR,2016,0.2
Upper middle income,UMC,2016,4.7
Uruguay,URY,2016,0.1
United States,USA,2016,1.2
Viet Nam,VNM,2016,2.5
World,WLD,2016,12.6
Kosovo,XKX,2016,2.0
Albania,ALB,2017,1.4
Argentina,ARG,2017,1.1
Armenia,ARM,2017,2.4
Austria,AUT,2017,0.3
Belgium,BEL,2017,0.2
Bulgaria,BGR,2017,2.0
Belarus,BLR,2017,0.0
Bolivia,BOL,2017,6.4
Brazil,BRA,2017,7.0
Bhutan,BTN,2017,2.6
Canada,CAN,2017,0.4
Switzerland,CHE,2017,0.0
Chile,CHL,2017,0.5
China,CHN,2017,1.6
Colombia,COL,2017,9.5
Costa Rica,CRI,2017,1.7
Cyprus,CYP,2017,0.1
Czechia,CZE,2017,0.0
Germany,DEU,2017,0.2
Djibouti,DJI,2017,25.4
Denmark,DNK,2017,0.1
Dominican Republic,DOM,2017,1.5
East Asia & Pacific,EAS,2017,4.1
Europe & Central Asia,ECS,2017,1.0
Ecuador,ECU,2017,4.3
"Egypt, Arab Rep.",EGY,2017,3.1
Spain,ESP,2017,0.8
Estonia,EST,2017,0.5
Fragile and conflict affected situations,FCS,2017,37.0
Finland,FIN,2017,0.1
France,FRA,2017,0.0
Gabon,GAB,2017,3.8
United Kingdom,GBR,2017,0.4
Georgia,GEO,2017,11.1
Greece,GRC,2017,1.1
High income,HIC,2017,0.7
Honduras,HND,2017,19.3
Croatia,HRV,2017,0.6
Hungary,HUN,2017,0.9
IDA total,IDA,2017,34.7
Indonesia,IDN,2017,14.8
Ireland,IRL,2017,0.3
"Iran, Islamic Rep.",IRN,2017,2.7
Iceland,ISL,2017,0.0
Israel,ISR,2017,0.7
Italy,ITA,2017,1.5
Japan,JPN,2017,0.6
Kazakhstan,KAZ,2017,0.1
Kyrgyz Republic,KGZ,2017,8.2
"Korea, Rep.",KOR,2017,0.2
Latin America & Caribbean,LCN,2017,6.2
Low income,LIC,2017,54.2
Low & middle income,LMY,2017,14.0
Lesotho,LSO,2017,41.9
Lithuania,LTU,2017,1.2
Luxembourg,LUX,2017,0.3
Latvia,LVA,2017,1.0
Moldova,MDA,2017,0.1
"Middle East, North Africa, Afghanistan & Pakistan",MEA,2017,11.1
North Macedonia,MKD,2017,5.6
Malta,MLT,2017,0.2
Myanmar,MMR,2017,10.3
Montenegro,MNE,2017,4.6
Mauritius,MUS,2017,0.5
North America,NAC,2017,1.1
Netherlands,NLD,2017,0.2
Norway,NOR,2017,0.3
Panama,PAN,2017,4.3
Peru,PER,2017,7.3
Poland,POL,2017,0.4
Portugal,PRT,2017,0.4
Paraguay,PRY,2017,2.4
Qatar,QAT,2017,0.0
Romania,ROU,2017,4.9
Russian Federation,RUS,2017,0.4
El Salvador,SLV,2017,4.6
Serbia,SRB,2017,6.6
Sub-Saharan Africa,SSF,2017,44.6
Sao Tome and Principe,STP,2017,13.0
Slovak Republic,SVK,2017,0.6
Slovenia,SVN,2017,0.0
Sweden,SWE,2017,0.3
Thailand,THA,2017,0.1
Turkiye,TUR,2017,1.1
Ukraine,UKR,2017,0.1
Upper middle income,UMC,2017,4.1
Uruguay,URY,2017,0.1
United States,USA,2017,1.3
World,WLD,2017,11.8
Kosovo,XKX,2017,15.2
Zimbabwe,ZWE,2017,44.7
Angola,AGO,2018,39.3
Albania,ALB,2018,1.0
United Arab Emirates,ARE,2018,0.0
Argentina,ARG,2018,1.6
Armenia,ARM,2018,2.9
Australia,AUS,2018,0.6
Austria,AUT,2018,0.6
Belgium,BEL,2018,0.1
Benin,BEN,2018,37.2
Burkina Faso,BFA,2018,47.7
Bulgaria,BGR,2018,1.5
Belarus,BLR,2018,0.0
Belize,BLZ,2018,1.0
Bolivia,BOL,2018,4.7
Brazil,BRA,2018,6.9
Canada,CAN,2018,0.4
Switzerland,CHE,2018,0.0
China,CHN,2018,0.7
Cote d'Ivoire,CIV,2018,21.7
Colombia,COL,2018,9.8
Costa Rica,CRI,2018,2.3
Cyprus,CYP,2018,0.1
Czechia,CZE,2018,0.0
Germany,DEU,2018,0.1
Denmark,DNK,2018,0.2
Dominican Republic,DOM,2018,1.1
East Asia & Pacific,EAS,2018,3.3
Europe & Central Asia,ECS,2018,0.8
Ecuador,ECU,2018,4.7
Spain,ESP,2018,1.0
Estonia,EST,2018,0.4
Fragile and conflict affected situations,FCS,2018,36.8
Finland,FIN,2018,0.1
France,FRA,2018,0.0
United Kingdom,GBR,2018,0.4
Georgia,GEO,2018,11.0
Guinea,GIN,2018,11.7
Guinea-Bissau,GNB,2018,37.1
Greece,GRC,2018,0.2
Grenada,GRD,2018,0.8
High income,HIC,2018,0.6
Honduras,HND,2018,19.8
Croatia,HRV,2018,0.5
IDA total,IDA,2018,34.0
Indonesia,IDN,2018,12.5
Ireland,IRL,2018,0.1
"Iran, Islamic Rep.",IRN,2018,3.2
Iceland,ISL,2018,0.3
Israel,ISR,2018,0.7
Italy,ITA,2018,1.7
Jamaica,JAM,2018,0.4
Japan,JPN,2018,1.0
Kazakhstan,KAZ,2018,0.1
Kyrgyz Republic,KGZ,2018,5.9
"Korea, Rep.",KOR,2018,0.2
Lao PDR,LAO,2018,15.7
Latin America & Caribbean,LCN,2018,6.1
Low & middle income,LMY,2018,13.1
Lithuania,LTU,2018,1.0
Luxembourg,LUX,2018,0.3
Latvia,LVA,2018,0.6
Moldova,MDA,2018,0.0
"Middle East, North Africa, Afghanistan & Pakistan",MEA,2018,11.1
Mexico,MEX,2018,3.9
North Macedonia,MKD,2018,4.3
Mali,MLI,2018,29.4
Malta,MLT,2018,0.2
Montenegro,MNE,2018,3.9
Mongolia,MNG,2018,1.7
Malaysia,MYS,2018,0.0
North America,NAC,2018,1.0
Niger,NER,2018,59.0
Nigeria,NGA,2018,34.2
Netherlands,NLD,2018,0.1
Norway,NOR,2018,0.3
Pakistan,PAK,2018,16.5
Panama,PAN,2018,3.7
Peru,PER,2018,6.1
Philippines,PHL,2018,8.3
Poland,POL,2018,0.3
Portugal,PRT,2018,0.4
Paraguay,PRY,2018,3.1
Romania,ROU,2018,3.7
Russian Federation,RUS,2018,0.2
Senegal,SEN,2018,19.1
Sierra Leone,SLE,2018,41.5
El Salvador,SLV,2018,4.1
Serbia,SRB,2018,4.2
Sub-Saharan Africa,SSF,2018,44.1
Slovak Republic,SVK,2018,0.5
Slovenia,SVN,2018,0.0
Sweden,SWE,2018,0.9
Seychelles,SYC,2018,0.7
Chad,TCD,2018,41.9
Togo,TGO,2018,35.3
Thailand,THA,2018,0.1
Turkiye,TUR,2018,1.0
Tanzania,TZA,2018,51.3
Ukraine,UKR,2018,0.2
Upper middle income,UMC,2018,3.4
Uruguay,URY,2018,0.1
United States,USA,2018,1.1
Viet Nam,VNM,2018,2.2
World,WLD,2018,11.1
Kosovo,XKX,2018,20.7
Albania,ALB,2019,0.3
Argentina,ARG,2019,1.7
Armenia,ARM,2019,2.4
Austria,AUT,2019,0.6
Belgium,BEL,2019,0.1
Bulgaria,BGR,2019,1.6
Belarus,BLR,2019,0.0
Bolivia,BOL,2019,3.1
Brazil,BRA,2019,7.0
Canada,CAN,2019,0.4
Switzerland,CHE,2019,0.0
China,CHN,2019,0.0
Colombia,COL,2019,11.3
Costa Rica,CRI,2019,1.7
Cyprus,CYP,2019,0.2
Czechia,CZE,2019,0.0
Germany,DEU,2019,0.2
Denmark,DNK,2019,0.3
Dominican Republic,DOM,2019,1.0
East Asia & Pacific,EAS,2019,2.6
Europe & Central Asia,ECS,2019,0.8
Ecuador,ECU,2019,4.6
"Egypt, Arab Rep.",EGY,2019,2.0
Spain,ESP,2019,0.9
Estonia,EST,2019,0.7
Finland,FIN,2019,0.0
Fiji,FJI,2019,4.7
France,FRA,2019,0.1
United Kingdom,GBR,2019,0.4
Georgia,GEO,2019,9.7
Greece,GRC,2019,1.0
High income,HIC,2019,0.6
Honduras,HND,2019,18.8
Croatia,HRV,2019,0.4
IDA total,IDA,2019,33.9
Indonesia,IDN,2019,10.9
Ireland,IRL,2019,0.1
"Iran, Islamic Rep.",IRN,2019,4.3
Iceland,ISL,2019,0.1
Israel,ISR,2019,0.9
Italy,ITA,2019,1.0
Japan,JPN,2019,1.3
Kazakhstan,KAZ,2019,0.1
Kyrgyz Republic,KGZ,2019,4.9
Kiribati,KIR,2019,6.1
"Korea, Rep.",KOR,2019,0.2
Latin America & Caribbean,LCN,2019,6.2
Sri Lanka,LKA,2019,2.7
Low & middle income,LMY,2019,12.6
Lithuania,LTU,2019,0.6
Luxembourg,LUX,2019,0.1
Latvia,LVA,2019,0.3
Moldova,MDA,2019,0.0
Maldives,MDV,2019,0.0
"Middle East, North Africa, Afghanistan & Pakistan",MEA,2019,11.6
Marshall Islands,MHL,2019,2.1
North Macedonia,MKD,2019,3.9
Malta,MLT,2019,0.3
Montenegro,MNE,2019,2.5
Mozambique,MOZ,2019,81.6
Mauritania,MRT,2019,10.2
Malawi,MWI,2019,75.4
North America,NAC,2019,0.9
Netherlands,NLD,2019,0.1
Norway,NOR,2019,0.2
Panama,PAN,2019,2.9
Peru,PER,2019,5.4
Poland,POL,2019,0.1
Portugal,PRT,2019,0.2
Paraguay,PRY,2019,2.4
Romania,ROU,2019,3.1
Russian Federation,RUS,2019,0.3
El Salvador,SLV,2019,3.0
Serbia,SRB,2019,2.7
Sub-Saharan Africa,SSF,2019,43.9
Slovak Republic,SVK,2019,0.2
Slovenia,SVN,2019,0.0
Sweden,SWE,2019,0.4
Thailand,THA,2019,0.1
Turkiye,TUR,2019,1.3
Uganda,UGA,2019,59.8
Ukraine,UKR,2019,0.2
Upper middle income,UMC,2019,2.9
Uruguay,URY,2019,0.1
United States,USA,2019,1.0
Vanuatu,VUT,2019,19.5
Kosovo,XKX,2019,11.3
Zimbabwe,ZWE,2019,49.2
Albania,ALB,2020,0.3
Argentina,ARG,2020,2.2
Armenia,ARM,2020,1.5
Australia,AUS,2020,0.9
Austria,AUT,2020,0.7
Burundi,BDI,2020,74.2
Belgium,BEL,2020,0.1
Bulgaria,BGR,2020,0.7
Belarus,BLR,2020,0.0
Bolivia,BOL,2020,4.2
Brazil,BRA,2020,2.8
Canada,CAN,2020,0.1
Switzerland,CHE,2020,0.1
Chile,CHL,2020,1.7
China,CHN,2020,0.0
"Congo, Dem. Rep.",COD,2020,85.3
Colombia,COL,2020,15.8
Comoros,COM,2020,8.9
Costa Rica,CRI,2020,3.4
Cyprus,CYP,2020,0.0
Czechia,CZE,2020,0.0
Germany,DEU,2020,0.3
Denmark,DNK,2020,0.2
Dominican Republic,DOM,2020,1.3
East Asia & Pacific,EAS,2020,2.7
Europe & Central Asia,ECS,2020,0.8
Ecuador,ECU,2020,8.4
Spain,ESP,2020,1.1
Estonia,EST,2020,0.4
Fragile and conflict affected situations,FCS,2020,39.8
Finland,FIN,2020,0.0
France,FRA,2020,0.1
United Kingdom,GBR,2020,0.5
Georgia,GEO,2020,12.0
"Gambia, The",GMB,2020,22.0
Greece,GRC,2020,1.1
High income,HIC,2020,0.4
Croatia,HRV,2020,0.4
IDA total,IDA,2020,35.7
Indonesia,IDN,2020,9.8
Ireland,IRL,2020,0.2
"Iran, Islamic Rep.",IRN,2020,4.6
Israel,ISR,2020,0.7
Italy,ITA,2020,0.9
Japan,JPN,2020,1.2
Kazakhstan,KAZ,2020,0.0
Kenya,KEN,2020,44.4
Kyrgyz Republic,KGZ,2020,9.4
"Korea, Rep.",KOR,2020,0.1
Latin America & Caribbean,LCN,2020,5.8
Low income,LIC,2020,55.6
Lower middle income,LMC,2020,15.4
Low & middle income,LMY,2020,13.4
Lithuania,LTU,2020,0.5
Luxembourg,LUX,2020,0.0
Latvia,LVA,2020,0.5
Moldova,MDA,2020,0.0
"Middle East, North Africa, Afghanistan & Pakistan",MEA,2020,12.6
Mexico,MEX,2020,4.3
Malta,MLT,2020,0.4
Montenegro,MNE,2020,2.2
North America,NAC,2020,0.3
Netherlands,NLD,2020,0.0
Norway,NOR,2020,0.3
Peru,PER,2020,10.3
Poland,POL,2020,0.2
Portugal,PRT,2020,0.6
Paraguay,PRY,2020,2.6
Romania,ROU,2020,2.4
Russian Federation,RUS,2020,0.1
South Asia,SAS,2020,9.4
Serbia,SRB,2020,2.0
Sub-Saharan Africa,SSF,2020,46.0
Slovak Republic,SVK,2020,0.3
Slovenia,SVN,2020,0.0
Sweden,SWE,2020,0.5
Thailand,THA,2020,0.1
Turkiye,TUR,2020,1.1
Ukraine,UKR,2020,0.0
Upper middle income,UMC,2020,2.7
Uruguay,URY,2020,0.3
United States,USA,2020,0.4
Viet Nam,VNM,2020,1.3
World,WLD,2020,11.4
Kosovo,XKX,2020,16.8
Argentina,ARG,2021,1.4
Armenia,ARM,2021,2.1
Austria,AUT,2021,0.5
Belgium,BEL,2021,0.0
Benin,BEN,2021,27.2
Burkina Faso,BFA,2021,42.1
Bulgaria,BGR,2021,1.2
Bosnia and Herzegovina,BIH,2021,0.3
Bolivia,BOL,2021,3.1
Brazil,BRA,2021,7.5
Central African Republic,CAF,2021,71.6
Canada,CAN,2021,0.2
Switzerland,CHE,2021,0.0
China,CHN,2021,0.0
Cote d'Ivoire,CIV,2021,20.8
Cameroon,CMR,2021,26.7
Colombia,COL,2021,11.2
Costa Rica,CRI,2021,2.2
Cyprus,CYP,2021,0.0
Czechia,CZE,2021,0.1
Germany,DEU,2021,0.6
Denmark,DNK,2021,0.2
Dominican Republic,DOM,2021,1.3
East Asia & Pacific,EAS,2021,2.6
Europe & Central Asia,ECS,2021,0.8
Ecuador,ECU,2021,5.3
"Egypt, Arab Rep.",EGY,2021,1.4
Spain,ESP,2021,0.7
Estonia,EST,2021,0.3
Ethiopia,ETH,2021,38.6
Fragile and conflict affected situations,FCS,2021,41.1
Finland,FIN,2021,0.0
France,FRA,2021,0.1
United Kingdom,GBR,2021,0.4
Georgia,GEO,2021,10.8
Guinea-Bissau,GNB,2021,39.9
Greece,GRC,2021,0.7
High income,HIC,2021,0.4
Croatia,HRV,2021,0.3
IDA total,IDA,2021,36.2
Indonesia,IDN,2021,8.6
Ireland,IRL,2021,0.1
"Iran, Islamic Rep.",IRN,2021,3.7
Israel,ISR,2021,0.6
Italy,ITA,2021,0.9
Jamaica,JAM,2021,1.4
Kazakhstan,KAZ,2021,0.0
Kenya,KEN,2021,46.4
Kyrgyz Republic,KGZ,2021,5.6
"Korea, Rep.",KOR,2021,0.1
Latin America & Caribbean,LCN,2021,6.2
Low income,LIC,2021,56.2
Lower middle income,LMC,2021,14.8
Low & middle income,LMY,2021,13.2
Lithuania,LTU,2021,0.3
Luxembourg,LUX,2021,0.1
Latvia,LVA,2021,0.5
Moldova,MDA,2021,0.2
Madagascar,MDG,2021,69.2
"Middle East, North Africa, Afghanistan & Pakistan",MEA,2021,13.4
Mali,MLI,2021,36.1
Malta,MLT,2021,0.1
Montenegro,MNE,2021,2.5
Malaysia,MYS,2021,0.0
North America,NAC,2021,0.3
Niger,NER,2021,60.5
Netherlands,NLD,2021,0.1
Norway,NOR,2021,0.2
Panama,PAN,2021,3.3
Peru,PER,2021,5.2
Philippines,PHL,2021,8.1
Poland,POL,2021,0.1
Portugal,PRT,2021,0.3
Paraguay,PRY,2021,1.9
Romania,ROU,2021,2.0
Russian Federation,RUS,2021,0.2
South Asia,SAS,2021,7.9
Senegal,SEN,2021,17.9
El Salvador,SLV,2021,5.1
Serbia,SRB,2021,1.7
Sub-Saharan Africa,SSF,2021,46.2
Slovak Republic,SVK,2021,0.3
Slovenia,SVN,2021,0.0
Sweden,SWE,2021,0.6
Togo,TGO,2021,34.7
Thailand,THA,2021,0.0
Tajikistan,TJK,2021,9.1
Tonga,TON,2021,0.4
Tunisia,TUN,2021,0.7
Turkiye,TUR,2021,0.9
Upper middle income,UMC,2021,2.7
Uruguay,URY,2021,0.2
United States,USA,2021,0.3
Uzbekistan,UZB,2021,4.4
World,WLD,2021,11.3
Kosovo,XKX,2021,25.0
Argentina,ARG,2022,1.3
Armenia,ARM,2022,1.9
Austria,AUT,2022,0.6
Belgium,BEL,2022,0.0
Bangladesh,BGD,2022,5.9
Bulgaria,BGR,2022,1.1
Bolivia,BOL,2022,3.3
Brazil,BRA,2022,4.9
Bhutan,BTN,2022,0.0
Canada,CAN,2022,0.3
Switzerland,CHE,2022,0.2
Chile,CHL,2022,0.6
China,CHN,2022,0.0
Colombia,COL,2022,9.3
Costa Rica,CRI,2022,1.6
Cyprus,CYP,2022,0.0
Czechia,CZE,2022,0.0
Germany,DEU,2022,0.7
Denmark,DNK,2022,0.2
Dominican Republic,DOM,2022,1.0
East Asia & Pacific,EAS,2022,2.4
Europe & Central Asia,ECS,2022,0.8
Ecuador,ECU,2022,4.4
Spain,ESP,2022,0.8
Estonia,EST,2022,0.5
Fragile and conflict affected situations,FCS,2022,40.9
Finland,FIN,2022,0.1
France,FRA,2022,0.1
Georgia,GEO,2022,7.7
Equatorial Guinea,GNQ,2022,8.8
Greece,GRC,2022,0.6
High income,HIC,2022,0.7
Croatia,HRV,2022,0.4
IDA total,IDA,2022,35.9
Indonesia,IDN,2022,7.9
India,IND,2022,5.3
Ireland,IRL,2022,0.2
"Iran, Islamic Rep.",IRN,2022,2.8
Israel,ISR,2022,0.4
Italy,ITA,2022,0.7
Kenya,KEN,2022,45.5
Kyrgyz Republic,KGZ,2022,4.5
Lebanon,LBN,2022,5.8
Latin America & Caribbean,LCN,2022,5.0
Low income,LIC,2022,55.6
Lower middle income,LMC,2022,13.8
Low & middle income,LMY,2022,12.6
Lithuania,LTU,2022,0.8
Luxembourg,LUX,2022,0.1
Latvia,LVA,2022,0.4
Moldova,MDA,2022,0.0
"Middle East, North Africa, Afghanistan & Pakistan",MEA,2022,13.5
Mexico,MEX,2022,2.3
Malta,MLT,2022,0.1
Mongolia,MNG,2022,0.4
Mozambique,MOZ,2022,81.4
North America,NAC,2022,1.2
Nigeria,NGA,2022,41.8
Norway,NOR,2022,0.3
Nepal,NPL,2022,2.4
Peru,PER,2022,4.8
Poland,POL,2022,0.3
Portugal,PRT,2022,0.2
Paraguay,PRY,2022,3.2
Romania,ROU,2022,1.5
Russian Federation,RUS,2022,0.1
South Asia,SAS,2022,6.1
El Salvador,SLV,2022,5.2
Serbia,SRB,2022,2.0
Sub-Saharan Africa,SSF,2022,45.7
Suriname,SUR,2022,2.2
Slovak Republic,SVK,2022,0.7
Slovenia,SVN,2022,0.0
Sweden,SWE,2022,1.3
Syrian Arab Republic,SYR,2022,18.0
Chad,TCD,2022,39.5
Thailand,THA,2022,0.0
Tajikistan,TJK,2022,8.9
Turkiye,TUR,2022,0.5
Upper middle income,UMC,2022,2.2
Uruguay,URY,2022,0.2
United States,USA,2022,1.4
Uzbekistan,UZB,2022,4.4
Viet Nam,VNM,2022,1.6
World,WLD,2022,10.9
Kosovo,XKX,2022,10.0
South Africa,ZAF,2022,17.4
Zambia,ZMB,2022,71.7
Argentina,ARG,2023,1.2
Armenia,ARM,2023,1.9
Austria,AUT,2023,0.5
Belgium,BEL,2023,0.1
Bulgaria,BGR,2023,1.0
Bolivia,BOL,2023,2.8
Brazil,BRA,2023,3.8
Colombia,COL,2023,8.6
Costa Rica,CRI,2023,1.5
Cyprus,CYP,2023,0.0
Czechia,CZE,2023,0.0
Denmark,DNK,2023,0.4
Dominican Republic,DOM,2023,1.3
East Asia & Pacific,EAS,2023,2.2
Europe & Central Asia,ECS,2023,0.7
Ecuador,ECU,2023,4.7
Spain,ESP,2023,0.8
Estonia,EST,2023,0.3
Fragile and conflict affected situations,FCS,2023,41.6
Finland,FIN,2023,0.2
France,FRA,2023,0.1
Georgia,GEO,2023,5.8
Greece,GRC,2023,0.6
Guatemala,GTM,2023,9.7
High income,HIC,2023,0.6
Honduras,HND,2023,17.0
Croatia,HRV,2023,0.3
IDA total,IDA,2023,36.1
Indonesia,IDN,2023,6.7
Ireland,IRL,2023,0.1
"Iran, Islamic Rep.",IRN,2023,2.5
Iraq,IRQ,2023,0.5
Italy,ITA,2023,0.9
Kyrgyz Republic,KGZ,2023,2.7
Kiribati,KIR,2023,0.9
Latin America & Caribbean,LCN,2023,4.6
Low income,LIC,2023,56.5
Lower middle income,LMC,2023,13.1
Low & middle income,LMY,2023,12.3
Lithuania,LTU,2023,1.1
Luxembourg,LUX,2023,0.1
Latvia,LVA,2023,0.4
Moldova,MDA,2023,0.1
"Middle East, North Africa, Afghanistan & Pakistan",MEA,2023,13.9
Malta,MLT,2023,0.4
North America,NAC,2023,1.1
Norway,NOR,2023,0.2
Panama,PAN,2023,3.7
Peru,PER,2023,5.9
Philippines,PHL,2023,5.3
Poland,POL,2023,0.2
Portugal,PRT,2023,0.4
Paraguay,PRY,2023,2.4
West Bank and Gaza,PSE,2023,2.1
Romania,ROU,2023,0.7
Russian Federation,RUS,2023,0.1
Rwanda,RWA,2023,38.6
South Asia,SAS,2023,4.7
El Salvador,SLV,2023,4.6
Serbia,SRB,2023,1.1
Sub-Saharan Africa,SSF,2023,45.6
Slovak Republic,SVK,2023,0.5
Slovenia,SVN,2023,0.0
Sweden,SWE,2023,0.8
Thailand,THA,2023,0.0
Tajikistan,TJK,2023,7.3
Turkiye,TUR,2023,0.2
Upper middle income,UMC,2023,2.0
Uruguay,URY,2023,0.2
United States,USA,2023,1.2
Uzbekistan,UZB,2023,4.1
World,WLD,2023,10.6
Argentina,ARG,2024,1.0
Armenia,ARM,2024,0.8
Bolivia,BOL,2024,2.1
Brazil,BRA,2024,3.0
Chile,CHL,2024,0.4
Colombia,COL,2024,8.5
Comoros,COM,2024,5.1
Costa Rica,CRI,2024,1.3
Dominican Republic,DOM,2024,0.8
East Asia & Pacific,EAS,2024,2.0
Europe & Central Asia,ECS,2024,0.6
Ecuador,ECU,2024,7.3
Fragile and conflict affected situations,FCS,2024,41.6
Georgia,GEO,2024,4.2
High income,HIC,2024,0.6
Honduras,HND,2024,15.7
IDA total,IDA,2024,35.9
Indonesia,IDN,2024,5.4
Kyrgyz Republic,KGZ,2024,2.2
Lao PDR,LAO,2024,7.1
Latin America & Caribbean,LCN,2024,4.3
Lower middle income,LMC,2024,12.5
Low & middle income,LMY,2024,12.1
"Middle East, North Africa, Afghanistan & Pakistan",MEA,2024,14.4
Mexico,MEX,2024,1.6
North America,NAC,2024,0.9
Pakistan,PAK,2024,23.0
Panama,PAN,2024,3.1
Peru,PER,2024,5.1
Paraguay,PRY,2024,2.1
South Asia,SAS,2024,3.8
Sub-Saharan Africa,SSF,2024,45.1
Thailand,THA,2024,0.0
Tajikistan,TJK,2024,6.1
Upper middle income,UMC,2024,1.8
Uruguay,URY,2024,0.2
United States,USA,2024,1.1
Uzbekistan,UZB,2024,2.7
World,WLD,2024,10.4
